-- phpMyAdmin SQL Dump
-- version 5.2.1
-- https://www.phpmyadmin.net/
--
-- Host: 127.0.0.1
-- Generation Time: Jan 07, 2025 at 03:38 PM
-- Server version: 10.4.32-MariaDB
-- PHP Version: 8.0.30

SET SQL_MODE = "NO_AUTO_VALUE_ON_ZERO";
START TRANSACTION;
SET time_zone = "+00:00";


/*!40101 SET @OLD_CHARACTER_SET_CLIENT=@@CHARACTER_SET_CLIENT */;
/*!40101 SET @OLD_CHARACTER_SET_RESULTS=@@CHARACTER_SET_RESULTS */;
/*!40101 SET @OLD_COLLATION_CONNECTION=@@COLLATION_CONNECTION */;
/*!40101 SET NAMES utf8mb4 */;

--
-- Database: `makanan`
--

-- --------------------------------------------------------

--
-- Table structure for table `detail_pesanan`
--

CREATE TABLE `detail_pesanan` (
  `id` int(11) NOT NULL,
  `id_pesanan` int(11) DEFAULT NULL,
  `id_menu` int(11) DEFAULT NULL,
  `jumlah` int(11) NOT NULL,
  `subtotal` decimal(10,2) NOT NULL
) ENGINE=InnoDB DEFAULT CHARSET=utf8mb4 COLLATE=utf8mb4_general_ci;

--
-- Dumping data for table `detail_pesanan`
--

INSERT INTO `detail_pesanan` (`id`, `id_pesanan`, `id_menu`, `jumlah`, `subtotal`) VALUES
(1, 1, 1, 1, 25000.00),
(2, 1, 3, 2, 10000.00),
(3, 2, 2, 1, 20000.00);

-- --------------------------------------------------------

--
-- Table structure for table `menu`
--

CREATE TABLE `menu` (
  `id` int(11) NOT NULL,
  `nama_menu` varchar(100) NOT NULL,
  `deskripsi` text DEFAULT NULL,
  `harga` decimal(10,2) NOT NULL,
  `stok` int(11) NOT NULL
) ENGINE=InnoDB DEFAULT CHARSET=utf8mb4 COLLATE=utf8mb4_general_ci;

--
-- Dumping data for table `menu`
--

INSERT INTO `menu` (`id`, `nama_menu`, `deskripsi`, `harga`, `stok`) VALUES
(1, 'Nasi Goreng', 'Nasi goreng dengan ayam, telur, dan sayuran', 25000.00, 50),
(2, 'Mie Ayam', 'Mie dengan ayam, pangsit, dan sayuran', 20000.00, 40),
(3, 'Es Teh', 'Minuman teh manis dingin', 5000.00, 100),
(4, 'Ayam Goreng', 'Ayam goreng crispy dengan sambal', 30000.00, 30),
(5, 'Pecel Lele', 'pecel murah', 12000.00, 10);

-- --------------------------------------------------------

--
-- Table structure for table `pelanggan`
--

CREATE TABLE `pelanggan` (
  `id` int(11) NOT NULL,
  `nama` varchar(100) NOT NULL,
  `email` varchar(100) NOT NULL,
  `telepon` varchar(15) NOT NULL,
  `alamat` text DEFAULT NULL
) ENGINE=InnoDB DEFAULT CHARSET=utf8mb4 COLLATE=utf8mb4_general_ci;

--
-- Dumping data for table `pelanggan`
--

INSERT INTO `pelanggan` (`id`, `nama`, `email`, `telepon`, `alamat`) VALUES
(1, 'John Doe', 'john@example.com', '081234567890', 'Jl. Mawar No. 10, Semarang'),
(2, 'Abyan', 'jane@example.com', '081234567891', 'Jl. Melati No. 5, Semarang');

-- --------------------------------------------------------

--
-- Table structure for table `pembayaran`
--

CREATE TABLE `pembayaran` (
  `id` int(11) NOT NULL,
  `id_pesanan` int(11) DEFAULT NULL,
  `jumlah_bayar` decimal(10,2) NOT NULL,
  `tanggal_pembayaran` date NOT NULL,
  `metode_pembayaran` varchar(50) NOT NULL
) ENGINE=InnoDB DEFAULT CHARSET=utf8mb4 COLLATE=utf8mb4_general_ci;

--
-- Dumping data for table `pembayaran`
--

INSERT INTO `pembayaran` (`id`, `id_pesanan`, `jumlah_bayar`, `tanggal_pembayaran`, `metode_pembayaran`) VALUES
(1, 1, 45000.00, '2025-01-07', 'Tunai'),
(2, 2, 35000.00, '2025-01-07', 'Transfer Bank');

-- --------------------------------------------------------

--
-- Table structure for table `pesanan`
--

CREATE TABLE `pesanan` (
  `id` int(11) NOT NULL,
  `id_pelanggan` int(11) DEFAULT NULL,
  `tanggal` date NOT NULL,
  `total_harga` decimal(10,2) NOT NULL,
  `status` varchar(50) NOT NULL
) ENGINE=InnoDB DEFAULT CHARSET=utf8mb4 COLLATE=utf8mb4_general_ci;

--
-- Dumping data for table `pesanan`
--

INSERT INTO `pesanan` (`id`, `id_pelanggan`, `tanggal`, `total_harga`, `status`) VALUES
(1, 1, '2025-01-07', 45000.00, 'Menunggu'),
(2, 2, '2025-01-07', 25000.00, 'Diproses');

--
-- Indexes for dumped tables
--

--
-- Indexes for table `detail_pesanan`
--
ALTER TABLE `detail_pesanan`
  ADD PRIMARY KEY (`id`),
  ADD KEY `id_pesanan` (`id_pesanan`),
  ADD KEY `id_menu` (`id_menu`);

--
-- Indexes for table `menu`
--
ALTER TABLE `menu`
  ADD PRIMARY KEY (`id`);

--
-- Indexes for table `pelanggan`
--
ALTER TABLE `pelanggan`
  ADD PRIMARY KEY (`id`),
  ADD UNIQUE KEY `email` (`email`);

--
-- Indexes for table `pembayaran`
--
ALTER TABLE `pembayaran`
  ADD PRIMARY KEY (`id`),
  ADD KEY `id_pesanan` (`id_pesanan`);

--
-- Indexes for table `pesanan`
--
ALTER TABLE `pesanan`
  ADD PRIMARY KEY (`id`),
  ADD KEY `id_pelanggan` (`id_pelanggan`);

--
-- AUTO_INCREMENT for dumped tables
--

--
-- AUTO_INCREMENT for table `detail_pesanan`
--
ALTER TABLE `detail_pesanan`
  MODIFY `id` int(11) NOT NULL AUTO_INCREMENT, AUTO_INCREMENT=4;

--
-- AUTO_INCREMENT for table `menu`
--
ALTER TABLE `menu`
  MODIFY `id` int(11) NOT NULL AUTO_INCREMENT, AUTO_INCREMENT=7;

--
-- AUTO_INCREMENT for table `pelanggan`
--
ALTER TABLE `pelanggan`
  MODIFY `id` int(11) NOT NULL AUTO_INCREMENT, AUTO_INCREMENT=3;

--
-- AUTO_INCREMENT for table `pembayaran`
--
ALTER TABLE `pembayaran`
  MODIFY `id` int(11) NOT NULL AUTO_INCREMENT, AUTO_INCREMENT=3;

--
-- AUTO_INCREMENT for table `pesanan`
--
ALTER TABLE `pesanan`
  MODIFY `id` int(11) NOT NULL AUTO_INCREMENT, AUTO_INCREMENT=3;

--
-- Constraints for dumped tables
--

--
-- Constraints for table `detail_pesanan`
--
ALTER TABLE `detail_pesanan`
  ADD CONSTRAINT `detail_pesanan_ibfk_1` FOREIGN KEY (`id_pesanan`) REFERENCES `pesanan` (`id`),
  ADD CONSTRAINT `detail_pesanan_ibfk_2` FOREIGN KEY (`id_menu`) REFERENCES `menu` (`id`);

--
-- Constraints for table `pembayaran`
--
ALTER TABLE `pembayaran`
  ADD CONSTRAINT `pembayaran_ibfk_1` FOREIGN KEY (`id_pesanan`) REFERENCES `pesanan` (`id`);

--
-- Constraints for table `pesanan`
--
ALTER TABLE `pesanan`
  ADD CONSTRAINT `pesanan_ibfk_1` FOREIGN KEY (`id_pelanggan`) REFERENCES `pelanggan` (`id`);
COMMIT;

/*!40101 SET CHARACTER_SET_CLIENT=@OLD_CHARACTER_SET_CLIENT */;
/*!40101 SET CHARACTER_SET_RESULTS=@OLD_CHARACTER_SET_RESULTS */;
/*!40101 SET COLLATION_CONNECTION=@OLD_COLLATION_CONNECTION */;
